id,Draft Round,Draft Number,season_id,Season,team_id,Team,original_team_id,Original Team,Additional Notes
339,1,1,8,2028,21,Oklahoma City Thunder,21,Oklahoma City Thunder,
340,1,2,8,2028,29,Toronto Raptors,29,Toronto Raptors,
341,1,3,8,2028,23,Philadelphia 76ers,23,Philadelphia 76ers,
342,1,4,8,2028,13,Los Angeles Lakers,13,Los Angeles Lakers,
343,1,5,8,2028,30,Utah Jazz,30,Utah Jazz,
344,1,6,8,2028,24,Phoenix Suns,24,Phoenix Suns,
345,1,7,8,2028,18,Minnesota Timberwolves,18,Minnesota Timberwolves,
346,1,8,8,2028,4,Charlotte Hornets,4,Charlotte Hornets,
347,1,9,8,2028,1,Atlanta Hawks,1,Atlanta Hawks,
348,1,10,8,2028,17,Milwaukee Bucks,17,Milwaukee Bucks,
349,1,11,8,2028,6,Cleveland Cavaliers,6,Cleveland Cavaliers,
350,1,12,8,2028,12,Indiana Pacers,12,Indiana Pacers,
351,1,13,8,2028,15,Memphis Grizzlies,15,Memphis Grizzlies,
352,1,14,8,2028,14,San Diego Clippers,14,San Diego Clippers,
353,1,15,8,2028,7,Dallas Mavericks,7,Dallas Mavericks,
354,1,16,8,2028,11,Houston Rockets,11,Houston Rockets,
355,1,17,8,2028,32,Washington Wizards,32,Washington Wizards,
356,1,18,8,2028,20,New York Knicks,20,New York Knicks,
357,1,19,8,2028,10,Golden State Warriors,10,Golden State Warriors,
358,1,20,8,2028,3,Boston Celtics,3,Boston Celtics,
359,1,21,8,2028,26,Sacramento Kings,26,Sacramento Kings,
360,1,22,8,2028,25,Portland Trailblazers,25,Portland Trailblazers,
361,1,23,8,2028,5,Chicago Bulls,5,Chicago Bulls,
362,1,24,8,2028,9,Detroit Pistons,9,Detroit Pistons,
363,1,25,8,2028,19,New Orleans Pelicans,19,New Orleans Pelicans,
364,1,26,8,2028,28,Seattle Supersonics,28,Seattle Supersonics,
365,1,27,8,2028,8,Denver Nuggets,8,Denver Nuggets,
366,1,28,8,2028,22,Orlando Magic,22,Orlando Magic,
367,1,29,8,2028,27,San Antonio Spurs,27,San Antonio Spurs,
368,1,30,8,2028,16,Miami Heat,16,Miami Heat,
369,1,31,8,2028,2,Brooklyn Nets,2,Brooklyn Nets,
370,1,32,8,2028,32,Vancouver Sea Lions,32,Vancouver Sea Lions,
371,2,1,8,2028,30,Utah Jazz,30,Utah Jazz,
372,2,2,8,2028,24,Phoenix Suns,24,Phoenix Suns,
373,2,3,8,2028,18,Minnesota Timberwolves,18,Minnesota Timberwolves,
374,2,4,8,2028,23,Philadelphia 76ers,23,Philadelphia 76ers,
375,2,5,8,2028,13,Los Angeles Lakers,13,Los Angeles Lakers,
376,2,6,8,2028,17,Milwaukee Bucks,17,Milwaukee Bucks,
377,2,7,8,2028,29,Toronto Raptors,29,Toronto Raptors,
378,2,8,8,2028,1,Atlanta Hawks,1,Atlanta Hawks,
379,2,9,8,2028,4,Charlotte Hornets,4,Charlotte Hornets,
380,2,10,8,2028,12,Indiana Pacers,12,Indiana Pacers,
381,2,11,8,2028,6,Cleveland Cavaliers,6,Cleveland Cavaliers,
382,2,12,8,2028,21,Oklahoma City Thunder,21,Oklahoma City Thunder,
383,2,13,8,2028,7,Dallas Mavericks,7,Dallas Mavericks,
384,2,14,8,2028,14,San Diego Clippers,14,San Diego Clippers,
385,2,15,8,2028,15,Memphis Grizzlies,15,Memphis Grizzlies,
386,2,16,8,2028,11,Houston Rockets,11,Houston Rockets,
387,2,17,8,2028,32,Washington Wizards,32,Washington Wizards,
388,2,18,8,2028,10,Golden State Warriors,10,Golden State Warriors,
389,2,19,8,2028,20,New York Knicks,20,New York Knicks,
390,2,20,8,2028,26,Sacramento Kings,26,Sacramento Kings,
391,2,21,8,2028,3,Boston Celtics,3,Boston Celtics,
392,2,22,8,2028,25,Portland Trailblazers,25,Portland Trailblazers,
393,2,23,8,2028,5,Chicago Bulls,5,Chicago Bulls,
394,2,24,8,2028,19,New Orleans Pelicans,19,New Orleans Pelicans,
395,2,25,8,2028,9,Detroit Pistons,9,Detroit Pistons,
396,2,26,8,2028,28,Seattle Supersonics,28,Seattle Supersonics,
397,2,27,8,2028,22,Orlando Magic,22,Orlando Magic,
398,2,28,8,2028,8,Denver Nuggets,8,Denver Nuggets,
399,2,29,8,2028,27,San Antonio Spurs,27,San Antonio Spurs,
400,2,30,8,2028,2,Brooklyn Nets,2,Brooklyn Nets,
401,2,31,8,2028,16,Miami Heat,16,Miami Heat,
402,2,32,8,2028,32,Vancouver Sea Lions,32,Vancouver Sea Lions,
403,1,1,9,2029,21,Oklahoma City Thunder,21,Oklahoma City Thunder,
404,1,2,9,2029,29,Toronto Raptors,29,Toronto Raptors,
405,1,3,9,2029,23,Philadelphia 76ers,23,Philadelphia 76ers,
406,1,4,9,2029,13,Los Angeles Lakers,13,Los Angeles Lakers,
407,1,5,9,2029,30,Utah Jazz,30,Utah Jazz,
408,1,6,9,2029,24,Phoenix Suns,24,Phoenix Suns,
409,1,7,9,2029,18,Minnesota Timberwolves,18,Minnesota Timberwolves,
410,1,8,9,2029,4,Charlotte Hornets,4,Charlotte Hornets,
411,1,9,9,2029,1,Atlanta Hawks,1,Atlanta Hawks,
412,1,10,9,2029,17,Milwaukee Bucks,17,Milwaukee Bucks,
413,1,11,9,2029,6,Cleveland Cavaliers,6,Cleveland Cavaliers,
414,1,12,9,2029,12,Indiana Pacers,12,Indiana Pacers,
415,1,13,9,2029,15,Memphis Grizzlies,15,Memphis Grizzlies,
416,1,14,9,2029,14,San Diego Clippers,14,San Diego Clippers,
417,1,15,9,2029,7,Dallas Mavericks,7,Dallas Mavericks,
418,1,16,9,2029,11,Houston Rockets,11,Houston Rockets,
419,1,17,9,2029,32,Washington Wizards,32,Washington Wizards,
420,1,18,9,2029,20,New York Knicks,20,New York Knicks,
421,1,19,9,2029,10,Golden State Warriors,10,Golden State Warriors,
422,1,20,9,2029,3,Boston Celtics,3,Boston Celtics,
423,1,21,9,2029,26,Sacramento Kings,26,Sacramento Kings,
424,1,22,9,2029,25,Portland Trailblazers,25,Portland Trailblazers,
425,1,23,9,2029,5,Chicago Bulls,5,Chicago Bulls,
426,1,24,9,2029,9,Detroit Pistons,9,Detroit Pistons,
427,1,25,9,2029,19,New Orleans Pelicans,19,New Orleans Pelicans,
428,1,26,9,2029,28,Seattle Supersonics,28,Seattle Supersonics,
429,1,27,9,2029,8,Denver Nuggets,8,Denver Nuggets,
430,1,28,9,2029,22,Orlando Magic,22,Orlando Magic,
431,1,29,9,2029,27,San Antonio Spurs,27,San Antonio Spurs,
432,1,30,9,2029,16,Miami Heat,16,Miami Heat,
433,1,31,9,2029,2,Brooklyn Nets,2,Brooklyn Nets,
434,1,32,9,2029,32,Vancouver Sea Lions,32,Vancouver Sea Lions,
435,2,1,9,2029,30,Utah Jazz,30,Utah Jazz,
436,2,2,9,2029,24,Phoenix Suns,24,Phoenix Suns,
437,2,3,9,2029,18,Minnesota Timberwolves,18,Minnesota Timberwolves,
438,2,4,9,2029,23,Philadelphia 76ers,23,Philadelphia 76ers,
439,2,5,9,2029,13,Los Angeles Lakers,13,Los Angeles Lakers,
440,2,6,9,2029,17,Milwaukee Bucks,17,Milwaukee Bucks,
441,2,7,9,2029,29,Toronto Raptors,29,Toronto Raptors,
442,2,8,9,2029,1,Atlanta Hawks,1,Atlanta Hawks,
443,2,9,9,2029,4,Charlotte Hornets,4,Charlotte Hornets,
444,2,10,9,2029,12,Indiana Pacers,12,Indiana Pacers,
445,2,11,9,2029,6,Cleveland Cavaliers,6,Cleveland Cavaliers,
446,2,12,9,2029,21,Oklahoma City Thunder,21,Oklahoma City Thunder,
447,2,13,9,2029,7,Dallas Mavericks,7,Dallas Mavericks,
448,2,14,9,2029,14,San Diego Clippers,14,San Diego Clippers,
449,2,15,9,2029,15,Memphis Grizzlies,15,Memphis Grizzlies,
450,2,16,9,2029,11,Houston Rockets,11,Houston Rockets,
451,2,17,9,2029,32,Washington Wizards,32,Washington Wizards,
452,2,18,9,2029,10,Golden State Warriors,10,Golden State Warriors,
453,2,19,9,2029,20,New York Knicks,20,New York Knicks,
454,2,20,9,2029,26,Sacramento Kings,26,Sacramento Kings,
455,2,21,9,2029,3,Boston Celtics,3,Boston Celtics,
456,2,22,9,2029,25,Portland Trailblazers,25,Portland Trailblazers,
457,2,23,9,2029,5,Chicago Bulls,5,Chicago Bulls,
458,2,24,9,2029,19,New Orleans Pelicans,19,New Orleans Pelicans,
459,2,25,9,2029,9,Detroit Pistons,9,Detroit Pistons,
460,2,26,9,2029,28,Seattle Supersonics,28,Seattle Supersonics,
461,2,27,9,2029,22,Orlando Magic,22,Orlando Magic,
462,2,28,9,2029,8,Denver Nuggets,8,Denver Nuggets,
463,2,29,9,2029,27,San Antonio Spurs,27,San Antonio Spurs,
464,2,30,9,2029,2,Brooklyn Nets,2,Brooklyn Nets,
465,2,31,9,2029,16,Miami Heat,16,Miami Heat,
466,2,32,9,2029,32,Vancouver Sea Lions,32,Vancouver Sea Lions,
467,1,1,10,2030,21,Oklahoma City Thunder,21,Oklahoma City Thunder,
468,1,2,10,2030,29,Toronto Raptors,29,Toronto Raptors,
469,1,3,10,2030,23,Philadelphia 76ers,23,Philadelphia 76ers,
470,1,4,10,2030,13,Los Angeles Lakers,13,Los Angeles Lakers,
471,1,5,10,2030,30,Utah Jazz,30,Utah Jazz,
472,1,6,10,2030,24,Phoenix Suns,24,Phoenix Suns,
473,1,7,10,2030,18,Minnesota Timberwolves,18,Minnesota Timberwolves,
474,1,8,10,2030,4,Charlotte Hornets,4,Charlotte Hornets,
475,1,9,10,2030,1,Atlanta Hawks,1,Atlanta Hawks,
476,1,10,10,2030,17,Milwaukee Bucks,17,Milwaukee Bucks,
477,1,11,10,2030,6,Cleveland Cavaliers,6,Cleveland Cavaliers,
478,1,12,10,2030,12,Indiana Pacers,12,Indiana Pacers,
479,1,13,10,2030,15,Memphis Grizzlies,15,Memphis Grizzlies,
480,1,14,10,2030,14,San Diego Clippers,14,San Diego Clippers,
481,1,15,10,2030,7,Dallas Mavericks,7,Dallas Mavericks,
482,1,16,10,2030,11,Houston Rockets,11,Houston Rockets,
483,1,17,10,2030,32,Washington Wizards,32,Washington Wizards,
484,1,18,10,2030,20,New York Knicks,20,New York Knicks,
485,1,19,10,2030,10,Golden State Warriors,10,Golden State Warriors,
486,1,20,10,2030,3,Boston Celtics,3,Boston Celtics,
487,1,21,10,2030,26,Sacramento Kings,26,Sacramento Kings,
488,1,22,10,2030,25,Portland Trailblazers,25,Portland Trailblazers,
489,1,23,10,2030,5,Chicago Bulls,5,Chicago Bulls,
490,1,24,10,2030,9,Detroit Pistons,9,Detroit Pistons,
491,1,25,10,2030,19,New Orleans Pelicans,19,New Orleans Pelicans,
492,1,26,10,2030,28,Seattle Supersonics,28,Seattle Supersonics,
493,1,27,10,2030,8,Denver Nuggets,8,Denver Nuggets,
494,1,28,10,2030,22,Orlando Magic,22,Orlando Magic,
495,1,29,10,2030,27,San Antonio Spurs,27,San Antonio Spurs,
496,1,30,10,2030,16,Miami Heat,16,Miami Heat,
497,1,31,10,2030,2,Brooklyn Nets,2,Brooklyn Nets,
498,1,32,10,2030,32,Vancouver Sea Lions,32,Vancouver Sea Lions,
499,2,1,10,2030,30,Utah Jazz,30,Utah Jazz,
500,2,2,10,2030,24,Phoenix Suns,24,Phoenix Suns,
501,2,3,10,2030,18,Minnesota Timberwolves,18,Minnesota Timberwolves,
502,2,4,10,2030,23,Philadelphia 76ers,23,Philadelphia 76ers,
503,2,5,10,2030,13,Los Angeles Lakers,13,Los Angeles Lakers,
504,2,6,10,2030,17,Milwaukee Bucks,17,Milwaukee Bucks,
505,2,7,10,2030,29,Toronto Raptors,29,Toronto Raptors,
506,2,8,10,2030,1,Atlanta Hawks,1,Atlanta Hawks,
507,2,9,10,2030,4,Charlotte Hornets,4,Charlotte Hornets,
508,2,10,10,2030,12,Indiana Pacers,12,Indiana Pacers,
509,2,11,10,2030,6,Cleveland Cavaliers,6,Cleveland Cavaliers,
510,2,12,10,2030,21,Oklahoma City Thunder,21,Oklahoma City Thunder,
511,2,13,10,2030,7,Dallas Mavericks,7,Dallas Mavericks,
512,2,14,10,2030,14,San Diego Clippers,14,San Diego Clippers,
513,2,15,10,2030,15,Memphis Grizzlies,15,Memphis Grizzlies,
514,2,16,10,2030,11,Houston Rockets,11,Houston Rockets,
515,2,17,10,2030,32,Washington Wizards,32,Washington Wizards,
516,2,18,10,2030,10,Golden State Warriors,10,Golden State Warriors,
517,2,19,10,2030,20,New York Knicks,20,New York Knicks,
518,2,20,10,2030,26,Sacramento Kings,26,Sacramento Kings,
519,2,21,10,2030,3,Boston Celtics,3,Boston Celtics,
520,2,22,10,2030,25,Portland Trailblazers,25,Portland Trailblazers,
521,2,23,10,2030,5,Chicago Bulls,5,Chicago Bulls,
522,2,24,10,2030,19,New Orleans Pelicans,19,New Orleans Pelicans,
523,2,25,10,2030,9,Detroit Pistons,9,Detroit Pistons,
524,2,26,10,2030,28,Seattle Supersonics,28,Seattle Supersonics,
525,2,27,10,2030,22,Orlando Magic,22,Orlando Magic,
526,2,28,10,2030,8,Denver Nuggets,8,Denver Nuggets,
527,2,29,10,2030,27,San Antonio Spurs,27,San Antonio Spurs,
528,2,30,10,2030,2,Brooklyn Nets,2,Brooklyn Nets,
529,2,31,10,2030,16,Miami Heat,16,Miami Heat,
530,2,32,10,2030,32,Vancouver Sea Lions,32,Vancouver Sea Lions,
531,1,1,11,2031,21,Oklahoma City Thunder,21,Oklahoma City Thunder,
532,1,2,11,2031,29,Toronto Raptors,29,Toronto Raptors,
533,1,3,11,2031,23,Philadelphia 76ers,23,Philadelphia 76ers,
534,1,4,11,2031,13,Los Angeles Lakers,13,Los Angeles Lakers,
535,1,5,11,2031,30,Utah Jazz,30,Utah Jazz,
536,1,6,11,2031,24,Phoenix Suns,24,Phoenix Suns,
537,1,7,11,2031,18,Minnesota Timberwolves,18,Minnesota Timberwolves,
538,1,8,11,2031,4,Charlotte Hornets,4,Charlotte Hornets,
539,1,9,11,2031,1,Atlanta Hawks,1,Atlanta Hawks,
540,1,10,11,2031,17,Milwaukee Bucks,17,Milwaukee Bucks,
541,1,11,11,2031,6,Cleveland Cavaliers,6,Cleveland Cavaliers,
542,1,12,11,2031,12,Indiana Pacers,12,Indiana Pacers,
543,1,13,11,2031,15,Memphis Grizzlies,15,Memphis Grizzlies,
544,1,14,11,2031,14,San Diego Clippers,14,San Diego Clippers,
545,1,15,11,2031,7,Dallas Mavericks,7,Dallas Mavericks,
546,1,16,11,2031,11,Houston Rockets,11,Houston Rockets,
547,1,17,11,2031,32,Washington Wizards,32,Washington Wizards,
548,1,18,11,2031,20,New York Knicks,20,New York Knicks,
549,1,19,11,2031,10,Golden State Warriors,10,Golden State Warriors,
550,1,20,11,2031,3,Boston Celtics,3,Boston Celtics,
551,1,21,11,2031,26,Sacramento Kings,26,Sacramento Kings,
552,1,22,11,2031,25,Portland Trailblazers,25,Portland Trailblazers,
553,1,23,11,2031,5,Chicago Bulls,5,Chicago Bulls,
554,1,24,11,2031,9,Detroit Pistons,9,Detroit Pistons,
555,1,25,11,2031,19,New Orleans Pelicans,19,New Orleans Pelicans,
556,1,26,11,2031,28,Seattle Supersonics,28,Seattle Supersonics,
557,1,27,11,2031,8,Denver Nuggets,8,Denver Nuggets,
558,1,28,11,2031,22,Orlando Magic,22,Orlando Magic,
559,1,29,11,2031,27,San Antonio Spurs,27,San Antonio Spurs,
560,1,30,11,2031,16,Miami Heat,16,Miami Heat,
561,1,31,11,2031,2,Brooklyn Nets,2,Brooklyn Nets,
562,1,32,11,2031,32,Vancouver Sea Lions,32,Vancouver Sea Lions,
563,2,1,11,2031,30,Utah Jazz,30,Utah Jazz,
564,2,2,11,2031,24,Phoenix Suns,24,Phoenix Suns,
565,2,3,11,2031,18,Minnesota Timberwolves,18,Minnesota Timberwolves,
566,2,4,11,2031,23,Philadelphia 76ers,23,Philadelphia 76ers,
567,2,5,11,2031,13,Los Angeles Lakers,13,Los Angeles Lakers,
568,2,6,11,2031,17,Milwaukee Bucks,17,Milwaukee Bucks,
569,2,7,11,2031,29,Toronto Raptors,29,Toronto Raptors,
570,2,8,11,2031,1,Atlanta Hawks,1,Atlanta Hawks,
571,2,9,11,2031,4,Charlotte Hornets,4,Charlotte Hornets,
572,2,10,11,2031,12,Indiana Pacers,12,Indiana Pacers,
573,2,11,11,2031,6,Cleveland Cavaliers,6,Cleveland Cavaliers,
574,2,12,11,2031,21,Oklahoma City Thunder,21,Oklahoma City Thunder,
575,2,13,11,2031,7,Dallas Mavericks,7,Dallas Mavericks,
576,2,14,11,2031,14,San Diego Clippers,14,San Diego Clippers,
577,2,15,11,2031,15,Memphis Grizzlies,15,Memphis Grizzlies,
578,2,16,11,2031,11,Houston Rockets,11,Houston Rockets,
579,2,17,11,2031,32,Washington Wizards,32,Washington Wizards,
580,2,18,11,2031,10,Golden State Warriors,10,Golden State Warriors,
581,2,19,11,2031,20,New York Knicks,20,New York Knicks,
582,2,20,11,2031,26,Sacramento Kings,26,Sacramento Kings,
583,2,21,11,2031,3,Boston Celtics,3,Boston Celtics,
584,2,22,11,2031,25,Portland Trailblazers,25,Portland Trailblazers,
585,2,23,11,2031,5,Chicago Bulls,5,Chicago Bulls,
586,2,24,11,2031,19,New Orleans Pelicans,19,New Orleans Pelicans,
587,2,25,11,2031,9,Detroit Pistons,9,Detroit Pistons,
588,2,26,11,2031,28,Seattle Supersonics,28,Seattle Supersonics,
589,2,27,11,2031,22,Orlando Magic,22,Orlando Magic,
590,2,28,11,2031,8,Denver Nuggets,8,Denver Nuggets,
591,2,29,11,2031,27,San Antonio Spurs,27,San Antonio Spurs,
592,2,30,11,2031,2,Brooklyn Nets,2,Brooklyn Nets,
593,2,31,11,2031,16,Miami Heat,16,Miami Heat,
594,2,32,11,2031,32,Vancouver Sea Lions,32,Vancouver Sea Lions,
